id,kind,title,vibe,palette,control_a,control_b,control_c,intensity,prompt,tags,license
gen-logo-001,logo,Prismatic Orchard Studio,sleek identity system for a creative brand,citrusCircuit,badge,sleek,POS,3,"Build a sleek logo system for Prismatic Orchard Studio: badge symbol, compact monogram POS, balanced wordmark, and flexible badge usage.","logo,badge,sleek,citrusCircuit",Original free-to-use generated seed
gen-logo-002,logo,Velvet Engine House,street identity system for a creative brand,mossFlame,spark,street,VEH,4,"Build a street logo system for Velvet Engine House: spark symbol, compact monogram VEH, balanced wordmark, and flexible badge usage.","logo,spark,street,mossFlame",Original free-to-use generated seed
gen-logo-003,logo,Neon Circuit Forge,playful identity system for a creative brand,auroraInk,wave,playful,NCF,5,"Build a playful logo system for Neon Circuit Forge: wave symbol, compact monogram NCF, balanced wordmark, and flexible badge usage.","logo,wave,playful,auroraInk",Original free-to-use generated seed
gen-logo-004,logo,Quiet Mirror Method,future identity system for a creative brand,velvetSignal,facets,future,QMM,6,"Build a future logo system for Quiet Mirror Method: facets symbol, compact monogram QMM, balanced wordmark, and flexible badge usage.","logo,facets,future,velvetSignal",Original free-to-use generated seed
gen-logo-005,logo,Chrome Orchard Signal,luxury identity system for a creative brand,monoStencil,portal,luxury,COS,7,"Build a luxury logo system for Chrome Orchard Signal: portal symbol, compact monogram COS, balanced wordmark, and flexible badge usage.","logo,portal,luxury,monoStencil",Original free-to-use generated seed
gen-logo-006,logo,Solar Engine Supply,sleek identity system for a creative brand,citrusCircuit,badge,sleek,SES,8,"Build a sleek logo system for Solar Engine Supply: badge symbol, compact monogram SES, balanced wordmark, and flexible badge usage.","logo,badge,sleek,citrusCircuit",Original free-to-use generated seed
gen-logo-007,logo,Midnight Circuit Lab,street identity system for a creative brand,mossFlame,spark,street,MCL,9,"Build a street logo system for Midnight Circuit Lab: spark symbol, compact monogram MCL, balanced wordmark, and flexible badge usage.","logo,spark,street,mossFlame",Original free-to-use generated seed
gen-logo-008,logo,Paper Mirror Works,playful identity system for a creative brand,auroraInk,wave,playful,PMW,10,"Build a playful logo system for Paper Mirror Works: wave symbol, compact monogram PMW, balanced wordmark, and flexible badge usage.","logo,wave,playful,auroraInk",Original free-to-use generated seed
gen-logo-009,logo,Electric Orchard Studio,future identity system for a creative brand,velvetSignal,facets,future,EOS,3,"Build a future logo system for Electric Orchard Studio: facets symbol, compact monogram EOS, balanced wordmark, and flexible badge usage.","logo,facets,future,velvetSignal",Original free-to-use generated seed
gen-logo-010,logo,Lunar Engine House,luxury identity system for a creative brand,monoStencil,portal,luxury,LEH,4,"Build a luxury logo system for Lunar Engine House: portal symbol, compact monogram LEH, balanced wordmark, and flexible badge usage.","logo,portal,luxury,monoStencil",Original free-to-use generated seed
gen-logo-011,logo,Glass Circuit Forge,sleek identity system for a creative brand,citrusCircuit,badge,sleek,GCF,5,"Build a sleek logo system for Glass Circuit Forge: badge symbol, compact monogram GCF, balanced wordmark, and flexible badge usage.","logo,badge,sleek,citrusCircuit",Original free-to-use generated seed
gen-logo-012,logo,Wild Mirror Method,street identity system for a creative brand,mossFlame,spark,street,WMM,6,"Build a street logo system for Wild Mirror Method: spark symbol, compact monogram WMM, balanced wordmark, and flexible badge usage.","logo,spark,street,mossFlame",Original free-to-use generated seed
gen-logo-013,logo,Soft Orchard Signal,playful identity system for a creative brand,auroraInk,wave,playful,SOS,7,"Build a playful logo system for Soft Orchard Signal: wave symbol, compact monogram SOS, balanced wordmark, and flexible badge usage.","logo,wave,playful,auroraInk",Original free-to-use generated seed
gen-logo-014,logo,Static Engine Supply,future identity system for a creative brand,velvetSignal,facets,future,SES,8,"Build a future logo system for Static Engine Supply: facets symbol, compact monogram SES, balanced wordmark, and flexible badge usage.","logo,facets,future,velvetSignal",Original free-to-use generated seed
gen-logo-015,logo,Golden Circuit Lab,luxury identity system for a creative brand,monoStencil,portal,luxury,GCL,9,"Build a luxury logo system for Golden Circuit Lab: portal symbol, compact monogram GCL, balanced wordmark, and flexible badge usage.","logo,portal,luxury,monoStencil",Original free-to-use generated seed
gen-logo-016,logo,Ink Mirror Works,sleek identity system for a creative brand,citrusCircuit,badge,sleek,IMW,10,"Build a sleek logo system for Ink Mirror Works: badge symbol, compact monogram IMW, balanced wordmark, and flexible badge usage.","logo,badge,sleek,citrusCircuit",Original free-to-use generated seed
gen-logo-017,logo,Rainlit Orchard Studio,street identity system for a creative brand,mossFlame,spark,street,ROS,3,"Build a street logo system for Rainlit Orchard Studio: spark symbol, compact monogram ROS, balanced wordmark, and flexible badge usage.","logo,spark,street,mossFlame",Original free-to-use generated seed
gen-logo-018,logo,Signal Engine House,playful identity system for a creative brand,auroraInk,wave,playful,SEH,4,"Build a playful logo system for Signal Engine House: wave symbol, compact monogram SEH, balanced wordmark, and flexible badge usage.","logo,wave,playful,auroraInk",Original free-to-use generated seed
gen-logo-019,logo,Mythic Circuit Forge,future identity system for a creative brand,velvetSignal,facets,future,MCF,5,"Build a future logo system for Mythic Circuit Forge: facets symbol, compact monogram MCF, balanced wordmark, and flexible badge usage.","logo,facets,future,velvetSignal",Original free-to-use generated seed
gen-logo-020,logo,Bright Mirror Method,luxury identity system for a creative brand,monoStencil,portal,luxury,BMM,6,"Build a luxury logo system for Bright Mirror Method: portal symbol, compact monogram BMM, balanced wordmark, and flexible badge usage.","logo,portal,luxury,monoStencil",Original free-to-use generated seed
gen-logo-021,logo,Prismatic Orchard Signal,sleek identity system for a creative brand,citrusCircuit,badge,sleek,POS,7,"Build a sleek logo system for Prismatic Orchard Signal: badge symbol, compact monogram POS, balanced wordmark, and flexible badge usage.","logo,badge,sleek,citrusCircuit",Original free-to-use generated seed
gen-logo-022,logo,Velvet Engine Supply,street identity system for a creative brand,mossFlame,spark,street,VES,8,"Build a street logo system for Velvet Engine Supply: spark symbol, compact monogram VES, balanced wordmark, and flexible badge usage.","logo,spark,street,mossFlame",Original free-to-use generated seed
gen-logo-023,logo,Neon Circuit Lab,playful identity system for a creative brand,auroraInk,wave,playful,NCL,9,"Build a playful logo system for Neon Circuit Lab: wave symbol, compact monogram NCL, balanced wordmark, and flexible badge usage.","logo,wave,playful,auroraInk",Original free-to-use generated seed
gen-logo-024,logo,Quiet Mirror Works,future identity system for a creative brand,velvetSignal,facets,future,QMW,10,"Build a future logo system for Quiet Mirror Works: facets symbol, compact monogram QMW, balanced wordmark, and flexible badge usage.","logo,facets,future,velvetSignal",Original free-to-use generated seed
gen-logo-025,logo,Chrome Orchard Studio,luxury identity system for a creative brand,monoStencil,portal,luxury,COS,3,"Build a luxury logo system for Chrome Orchard Studio: portal symbol, compact monogram COS, balanced wordmark, and flexible badge usage.","logo,portal,luxury,monoStencil",Original free-to-use generated seed
gen-logo-026,logo,Solar Engine House,sleek identity system for a creative brand,citrusCircuit,badge,sleek,SEH,4,"Build a sleek logo system for Solar Engine House: badge symbol, compact monogram SEH, balanced wordmark, and flexible badge usage.","logo,badge,sleek,citrusCircuit",Original free-to-use generated seed
gen-logo-027,logo,Midnight Circuit Forge,street identity system for a creative brand,mossFlame,spark,street,MCF,5,"Build a street logo system for Midnight Circuit Forge: spark symbol, compact monogram MCF, balanced wordmark, and flexible badge usage.","logo,spark,street,mossFlame",Original free-to-use generated seed
gen-logo-028,logo,Paper Mirror Method,playful identity system for a creative brand,auroraInk,wave,playful,PMM,6,"Build a playful logo system for Paper Mirror Method: wave symbol, compact monogram PMM, balanced wordmark, and flexible badge usage.","logo,wave,playful,auroraInk",Original free-to-use generated seed
gen-logo-029,logo,Electric Orchard Signal,future identity system for a creative brand,velvetSignal,facets,future,EOS,7,"Build a future logo system for Electric Orchard Signal: facets symbol, compact monogram EOS, balanced wordmark, and flexible badge usage.","logo,facets,future,velvetSignal",Original free-to-use generated seed
gen-logo-030,logo,Lunar Engine Supply,luxury identity system for a creative brand,monoStencil,portal,luxury,LES,8,"Build a luxury logo system for Lunar Engine Supply: portal symbol, compact monogram LES, balanced wordmark, and flexible badge usage.","logo,portal,luxury,monoStencil",Original free-to-use generated seed
gen-logo-031,logo,Glass Circuit Lab,sleek identity system for a creative brand,citrusCircuit,badge,sleek,GCL,9,"Build a sleek logo system for Glass Circuit Lab: badge symbol, compact monogram GCL, balanced wordmark, and flexible badge usage.","logo,badge,sleek,citrusCircuit",Original free-to-use generated seed
gen-logo-032,logo,Wild Mirror Works,street identity system for a creative brand,mossFlame,spark,street,WMW,10,"Build a street logo system for Wild Mirror Works: spark symbol, compact monogram WMW, balanced wordmark, and flexible badge usage.","logo,spark,street,mossFlame",Original free-to-use generated seed
gen-logo-033,logo,Soft Orchard Studio,playful identity system for a creative brand,auroraInk,wave,playful,SOS,3,"Build a playful logo system for Soft Orchard Studio: wave symbol, compact monogram SOS, balanced wordmark, and flexible badge usage.","logo,wave,playful,auroraInk",Original free-to-use generated seed
gen-logo-034,logo,Static Engine House,future identity system for a creative brand,velvetSignal,facets,future,SEH,4,"Build a future logo system for Static Engine House: facets symbol, compact monogram SEH, balanced wordmark, and flexible badge usage.","logo,facets,future,velvetSignal",Original free-to-use generated seed
gen-logo-035,logo,Golden Circuit Forge,luxury identity system for a creative brand,monoStencil,portal,luxury,GCF,5,"Build a luxury logo system for Golden Circuit Forge: portal symbol, compact monogram GCF, balanced wordmark, and flexible badge usage.","logo,portal,luxury,monoStencil",Original free-to-use generated seed
gen-logo-036,logo,Ink Mirror Method,sleek identity system for a creative brand,citrusCircuit,badge,sleek,IMM,6,"Build a sleek logo system for Ink Mirror Method: badge symbol, compact monogram IMM, balanced wordmark, and flexible badge usage.","logo,badge,sleek,citrusCircuit",Original free-to-use generated seed
gen-logo-037,logo,Rainlit Orchard Signal,street identity system for a creative brand,mossFlame,spark,street,ROS,7,"Build a street logo system for Rainlit Orchard Signal: spark symbol, compact monogram ROS, balanced wordmark, and flexible badge usage.","logo,spark,street,mossFlame",Original free-to-use generated seed
gen-logo-038,logo,Signal Engine Supply,playful identity system for a creative brand,auroraInk,wave,playful,SES,8,"Build a playful logo system for Signal Engine Supply: wave symbol, compact monogram SES, balanced wordmark, and flexible badge usage.","logo,wave,playful,auroraInk",Original free-to-use generated seed
gen-logo-039,logo,Mythic Circuit Lab,future identity system for a creative brand,velvetSignal,facets,future,MCL,9,"Build a future logo system for Mythic Circuit Lab: facets symbol, compact monogram MCL, balanced wordmark, and flexible badge usage.","logo,facets,future,velvetSignal",Original free-to-use generated seed
gen-logo-040,logo,Bright Mirror Works,luxury identity system for a creative brand,monoStencil,portal,luxury,BMW,10,"Build a luxury logo system for Bright Mirror Works: portal symbol, compact monogram BMW, balanced wordmark, and flexible badge usage.","logo,portal,luxury,monoStencil",Original free-to-use generated seed
gen-logo-041,logo,Prismatic Orchard Studio,sleek identity system for a creative brand,citrusCircuit,badge,sleek,POS,3,"Build a sleek logo system for Prismatic Orchard Studio: badge symbol, compact monogram POS, balanced wordmark, and flexible badge usage.","logo,badge,sleek,citrusCircuit",Original free-to-use generated seed
gen-logo-042,logo,Velvet Engine House,street identity system for a creative brand,mossFlame,spark,street,VEH,4,"Build a street logo system for Velvet Engine House: spark symbol, compact monogram VEH, balanced wordmark, and flexible badge usage.","logo,spark,street,mossFlame",Original free-to-use generated seed
gen-logo-043,logo,Neon Circuit Forge,playful identity system for a creative brand,auroraInk,wave,playful,NCF,5,"Build a playful logo system for Neon Circuit Forge: wave symbol, compact monogram NCF, balanced wordmark, and flexible badge usage.","logo,wave,playful,auroraInk",Original free-to-use generated seed
gen-logo-044,logo,Quiet Mirror Method,future identity system for a creative brand,velvetSignal,facets,future,QMM,6,"Build a future logo system for Quiet Mirror Method: facets symbol, compact monogram QMM, balanced wordmark, and flexible badge usage.","logo,facets,future,velvetSignal",Original free-to-use generated seed
gen-logo-045,logo,Chrome Orchard Signal,luxury identity system for a creative brand,monoStencil,portal,luxury,COS,7,"Build a luxury logo system for Chrome Orchard Signal: portal symbol, compact monogram COS, balanced wordmark, and flexible badge usage.","logo,portal,luxury,monoStencil",Original free-to-use generated seed
gen-logo-046,logo,Solar Engine Supply,sleek identity system for a creative brand,citrusCircuit,badge,sleek,SES,8,"Build a sleek logo system for Solar Engine Supply: badge symbol, compact monogram SES, balanced wordmark, and flexible badge usage.","logo,badge,sleek,citrusCircuit",Original free-to-use generated seed
gen-logo-047,logo,Midnight Circuit Lab,street identity system for a creative brand,mossFlame,spark,street,MCL,9,"Build a street logo system for Midnight Circuit Lab: spark symbol, compact monogram MCL, balanced wordmark, and flexible badge usage.","logo,spark,street,mossFlame",Original free-to-use generated seed
gen-logo-048,logo,Paper Mirror Works,playful identity system for a creative brand,auroraInk,wave,playful,PMW,10,"Build a playful logo system for Paper Mirror Works: wave symbol, compact monogram PMW, balanced wordmark, and flexible badge usage.","logo,wave,playful,auroraInk",Original free-to-use generated seed
gen-logo-049,logo,Electric Orchard Studio,future identity system for a creative brand,velvetSignal,facets,future,EOS,3,"Build a future logo system for Electric Orchard Studio: facets symbol, compact monogram EOS, balanced wordmark, and flexible badge usage.","logo,facets,future,velvetSignal",Original free-to-use generated seed
gen-logo-050,logo,Lunar Engine House,luxury identity system for a creative brand,monoStencil,portal,luxury,LEH,4,"Build a luxury logo system for Lunar Engine House: portal symbol, compact monogram LEH, balanced wordmark, and flexible badge usage.","logo,portal,luxury,monoStencil",Original free-to-use generated seed
gen-logo-051,logo,Glass Circuit Forge,sleek identity system for a creative brand,citrusCircuit,badge,sleek,GCF,5,"Build a sleek logo system for Glass Circuit Forge: badge symbol, compact monogram GCF, balanced wordmark, and flexible badge usage.","logo,badge,sleek,citrusCircuit",Original free-to-use generated seed
gen-logo-052,logo,Wild Mirror Method,street identity system for a creative brand,mossFlame,spark,street,WMM,6,"Build a street logo system for Wild Mirror Method: spark symbol, compact monogram WMM, balanced wordmark, and flexible badge usage.","logo,spark,street,mossFlame",Original free-to-use generated seed
gen-logo-053,logo,Soft Orchard Signal,playful identity system for a creative brand,auroraInk,wave,playful,SOS,7,"Build a playful logo system for Soft Orchard Signal: wave symbol, compact monogram SOS, balanced wordmark, and flexible badge usage.","logo,wave,playful,auroraInk",Original free-to-use generated seed
gen-logo-054,logo,Static Engine Supply,future identity system for a creative brand,velvetSignal,facets,future,SES,8,"Build a future logo system for Static Engine Supply: facets symbol, compact monogram SES, balanced wordmark, and flexible badge usage.","logo,facets,future,velvetSignal",Original free-to-use generated seed
gen-logo-055,logo,Golden Circuit Lab,luxury identity system for a creative brand,monoStencil,portal,luxury,GCL,9,"Build a luxury logo system for Golden Circuit Lab: portal symbol, compact monogram GCL, balanced wordmark, and flexible badge usage.","logo,portal,luxury,monoStencil",Original free-to-use generated seed
gen-logo-056,logo,Ink Mirror Works,sleek identity system for a creative brand,citrusCircuit,badge,sleek,IMW,10,"Build a sleek logo system for Ink Mirror Works: badge symbol, compact monogram IMW, balanced wordmark, and flexible badge usage.","logo,badge,sleek,citrusCircuit",Original free-to-use generated seed
gen-logo-057,logo,Rainlit Orchard Studio,street identity system for a creative brand,mossFlame,spark,street,ROS,3,"Build a street logo system for Rainlit Orchard Studio: spark symbol, compact monogram ROS, balanced wordmark, and flexible badge usage.","logo,spark,street,mossFlame",Original free-to-use generated seed
gen-logo-058,logo,Signal Engine House,playful identity system for a creative brand,auroraInk,wave,playful,SEH,4,"Build a playful logo system for Signal Engine House: wave symbol, compact monogram SEH, balanced wordmark, and flexible badge usage.","logo,wave,playful,auroraInk",Original free-to-use generated seed
gen-logo-059,logo,Mythic Circuit Forge,future identity system for a creative brand,velvetSignal,facets,future,MCF,5,"Build a future logo system for Mythic Circuit Forge: facets symbol, compact monogram MCF, balanced wordmark, and flexible badge usage.","logo,facets,future,velvetSignal",Original free-to-use generated seed
gen-logo-060,logo,Bright Mirror Method,luxury identity system for a creative brand,monoStencil,portal,luxury,BMM,6,"Build a luxury logo system for Bright Mirror Method: portal symbol, compact monogram BMM, balanced wordmark, and flexible badge usage.","logo,portal,luxury,monoStencil",Original free-to-use generated seed
gen-logo-061,logo,Prismatic Orchard Signal,sleek identity system for a creative brand,citrusCircuit,badge,sleek,POS,7,"Build a sleek logo system for Prismatic Orchard Signal: badge symbol, compact monogram POS, balanced wordmark, and flexible badge usage.","logo,badge,sleek,citrusCircuit",Original free-to-use generated seed
gen-logo-062,logo,Velvet Engine Supply,street identity system for a creative brand,mossFlame,spark,street,VES,8,"Build a street logo system for Velvet Engine Supply: spark symbol, compact monogram VES, balanced wordmark, and flexible badge usage.","logo,spark,street,mossFlame",Original free-to-use generated seed
gen-logo-063,logo,Neon Circuit Lab,playful identity system for a creative brand,auroraInk,wave,playful,NCL,9,"Build a playful logo system for Neon Circuit Lab: wave symbol, compact monogram NCL, balanced wordmark, and flexible badge usage.","logo,wave,playful,auroraInk",Original free-to-use generated seed
gen-logo-064,logo,Quiet Mirror Works,future identity system for a creative brand,velvetSignal,facets,future,QMW,10,"Build a future logo system for Quiet Mirror Works: facets symbol, compact monogram QMW, balanced wordmark, and flexible badge usage.","logo,facets,future,velvetSignal",Original free-to-use generated seed
gen-logo-065,logo,Chrome Orchard Studio,luxury identity system for a creative brand,monoStencil,portal,luxury,COS,3,"Build a luxury logo system for Chrome Orchard Studio: portal symbol, compact monogram COS, balanced wordmark, and flexible badge usage.","logo,portal,luxury,monoStencil",Original free-to-use generated seed
gen-logo-066,logo,Solar Engine House,sleek identity system for a creative brand,citrusCircuit,badge,sleek,SEH,4,"Build a sleek logo system for Solar Engine House: badge symbol, compact monogram SEH, balanced wordmark, and flexible badge usage.","logo,badge,sleek,citrusCircuit",Original free-to-use generated seed
gen-logo-067,logo,Midnight Circuit Forge,street identity system for a creative brand,mossFlame,spark,street,MCF,5,"Build a street logo system for Midnight Circuit Forge: spark symbol, compact monogram MCF, balanced wordmark, and flexible badge usage.","logo,spark,street,mossFlame",Original free-to-use generated seed
gen-logo-068,logo,Paper Mirror Method,playful identity system for a creative brand,auroraInk,wave,playful,PMM,6,"Build a playful logo system for Paper Mirror Method: wave symbol, compact monogram PMM, balanced wordmark, and flexible badge usage.","logo,wave,playful,auroraInk",Original free-to-use generated seed
gen-logo-069,logo,Electric Orchard Signal,future identity system for a creative brand,velvetSignal,facets,future,EOS,7,"Build a future logo system for Electric Orchard Signal: facets symbol, compact monogram EOS, balanced wordmark, and flexible badge usage.","logo,facets,future,velvetSignal",Original free-to-use generated seed
gen-logo-070,logo,Lunar Engine Supply,luxury identity system for a creative brand,monoStencil,portal,luxury,LES,8,"Build a luxury logo system for Lunar Engine Supply: portal symbol, compact monogram LES, balanced wordmark, and flexible badge usage.","logo,portal,luxury,monoStencil",Original free-to-use generated seed
gen-logo-071,logo,Glass Circuit Lab,sleek identity system for a creative brand,citrusCircuit,badge,sleek,GCL,9,"Build a sleek logo system for Glass Circuit Lab: badge symbol, compact monogram GCL, balanced wordmark, and flexible badge usage.","logo,badge,sleek,citrusCircuit",Original free-to-use generated seed
gen-logo-072,logo,Wild Mirror Works,street identity system for a creative brand,mossFlame,spark,street,WMW,10,"Build a street logo system for Wild Mirror Works: spark symbol, compact monogram WMW, balanced wordmark, and flexible badge usage.","logo,spark,street,mossFlame",Original free-to-use generated seed
gen-logo-073,logo,Soft Orchard Studio,playful identity system for a creative brand,auroraInk,wave,playful,SOS,3,"Build a playful logo system for Soft Orchard Studio: wave symbol, compact monogram SOS, balanced wordmark, and flexible badge usage.","logo,wave,playful,auroraInk",Original free-to-use generated seed
gen-logo-074,logo,Static Engine House,future identity system for a creative brand,velvetSignal,facets,future,SEH,4,"Build a future logo system for Static Engine House: facets symbol, compact monogram SEH, balanced wordmark, and flexible badge usage.","logo,facets,future,velvetSignal",Original free-to-use generated seed
gen-logo-075,logo,Golden Circuit Forge,luxury identity system for a creative brand,monoStencil,portal,luxury,GCF,5,"Build a luxury logo system for Golden Circuit Forge: portal symbol, compact monogram GCF, balanced wordmark, and flexible badge usage.","logo,portal,luxury,monoStencil",Original free-to-use generated seed
gen-logo-076,logo,Ink Mirror Method,sleek identity system for a creative brand,citrusCircuit,badge,sleek,IMM,6,"Build a sleek logo system for Ink Mirror Method: badge symbol, compact monogram IMM, balanced wordmark, and flexible badge usage.","logo,badge,sleek,citrusCircuit",Original free-to-use generated seed
gen-logo-077,logo,Rainlit Orchard Signal,street identity system for a creative brand,mossFlame,spark,street,ROS,7,"Build a street logo system for Rainlit Orchard Signal: spark symbol, compact monogram ROS, balanced wordmark, and flexible badge usage.","logo,spark,street,mossFlame",Original free-to-use generated seed
gen-logo-078,logo,Signal Engine Supply,playful identity system for a creative brand,auroraInk,wave,playful,SES,8,"Build a playful logo system for Signal Engine Supply: wave symbol, compact monogram SES, balanced wordmark, and flexible badge usage.","logo,wave,playful,auroraInk",Original free-to-use generated seed
gen-logo-079,logo,Mythic Circuit Lab,future identity system for a creative brand,velvetSignal,facets,future,MCL,9,"Build a future logo system for Mythic Circuit Lab: facets symbol, compact monogram MCL, balanced wordmark, and flexible badge usage.","logo,facets,future,velvetSignal",Original free-to-use generated seed
gen-logo-080,logo,Bright Mirror Works,luxury identity system for a creative brand,monoStencil,portal,luxury,BMW,10,"Build a luxury logo system for Bright Mirror Works: portal symbol, compact monogram BMW, balanced wordmark, and flexible badge usage.","logo,portal,luxury,monoStencil",Original free-to-use generated seed
gen-logo-081,logo,Prismatic Orchard Studio,sleek identity system for a creative brand,citrusCircuit,badge,sleek,POS,3,"Build a sleek logo system for Prismatic Orchard Studio: badge symbol, compact monogram POS, balanced wordmark, and flexible badge usage.","logo,badge,sleek,citrusCircuit",Original free-to-use generated seed
gen-logo-082,logo,Velvet Engine House,street identity system for a creative brand,mossFlame,spark,street,VEH,4,"Build a street logo system for Velvet Engine House: spark symbol, compact monogram VEH, balanced wordmark, and flexible badge usage.","logo,spark,street,mossFlame",Original free-to-use generated seed
gen-logo-083,logo,Neon Circuit Forge,playful identity system for a creative brand,auroraInk,wave,playful,NCF,5,"Build a playful logo system for Neon Circuit Forge: wave symbol, compact monogram NCF, balanced wordmark, and flexible badge usage.","logo,wave,playful,auroraInk",Original free-to-use generated seed
gen-logo-084,logo,Quiet Mirror Method,future identity system for a creative brand,velvetSignal,facets,future,QMM,6,"Build a future logo system for Quiet Mirror Method: facets symbol, compact monogram QMM, balanced wordmark, and flexible badge usage.","logo,facets,future,velvetSignal",Original free-to-use generated seed
gen-logo-085,logo,Chrome Orchard Signal,luxury identity system for a creative brand,monoStencil,portal,luxury,COS,7,"Build a luxury logo system for Chrome Orchard Signal: portal symbol, compact monogram COS, balanced wordmark, and flexible badge usage.","logo,portal,luxury,monoStencil",Original free-to-use generated seed
gen-logo-086,logo,Solar Engine Supply,sleek identity system for a creative brand,citrusCircuit,badge,sleek,SES,8,"Build a sleek logo system for Solar Engine Supply: badge symbol, compact monogram SES, balanced wordmark, and flexible badge usage.","logo,badge,sleek,citrusCircuit",Original free-to-use generated seed
gen-logo-087,logo,Midnight Circuit Lab,street identity system for a creative brand,mossFlame,spark,street,MCL,9,"Build a street logo system for Midnight Circuit Lab: spark symbol, compact monogram MCL, balanced wordmark, and flexible badge usage.","logo,spark,street,mossFlame",Original free-to-use generated seed
gen-logo-088,logo,Paper Mirror Works,playful identity system for a creative brand,auroraInk,wave,playful,PMW,10,"Build a playful logo system for Paper Mirror Works: wave symbol, compact monogram PMW, balanced wordmark, and flexible badge usage.","logo,wave,playful,auroraInk",Original free-to-use generated seed
gen-logo-089,logo,Electric Orchard Studio,future identity system for a creative brand,velvetSignal,facets,future,EOS,3,"Build a future logo system for Electric Orchard Studio: facets symbol, compact monogram EOS, balanced wordmark, and flexible badge usage.","logo,facets,future,velvetSignal",Original free-to-use generated seed
gen-logo-090,logo,Lunar Engine House,luxury identity system for a creative brand,monoStencil,portal,luxury,LEH,4,"Build a luxury logo system for Lunar Engine House: portal symbol, compact monogram LEH, balanced wordmark, and flexible badge usage.","logo,portal,luxury,monoStencil",Original free-to-use generated seed
gen-logo-091,logo,Glass Circuit Forge,sleek identity system for a creative brand,citrusCircuit,badge,sleek,GCF,5,"Build a sleek logo system for Glass Circuit Forge: badge symbol, compact monogram GCF, balanced wordmark, and flexible badge usage.","logo,badge,sleek,citrusCircuit",Original free-to-use generated seed
gen-logo-092,logo,Wild Mirror Method,street identity system for a creative brand,mossFlame,spark,street,WMM,6,"Build a street logo system for Wild Mirror Method: spark symbol, compact monogram WMM, balanced wordmark, and flexible badge usage.","logo,spark,street,mossFlame",Original free-to-use generated seed
gen-logo-093,logo,Soft Orchard Signal,playful identity system for a creative brand,auroraInk,wave,playful,SOS,7,"Build a playful logo system for Soft Orchard Signal: wave symbol, compact monogram SOS, balanced wordmark, and flexible badge usage.","logo,wave,playful,auroraInk",Original free-to-use generated seed
gen-logo-094,logo,Static Engine Supply,future identity system for a creative brand,velvetSignal,facets,future,SES,8,"Build a future logo system for Static Engine Supply: facets symbol, compact monogram SES, balanced wordmark, and flexible badge usage.","logo,facets,future,velvetSignal",Original free-to-use generated seed
gen-logo-095,logo,Golden Circuit Lab,luxury identity system for a creative brand,monoStencil,portal,luxury,GCL,9,"Build a luxury logo system for Golden Circuit Lab: portal symbol, compact monogram GCL, balanced wordmark, and flexible badge usage.","logo,portal,luxury,monoStencil",Original free-to-use generated seed
gen-logo-096,logo,Ink Mirror Works,sleek identity system for a creative brand,citrusCircuit,badge,sleek,IMW,10,"Build a sleek logo system for Ink Mirror Works: badge symbol, compact monogram IMW, balanced wordmark, and flexible badge usage.","logo,badge,sleek,citrusCircuit",Original free-to-use generated seed
gen-logo-097,logo,Rainlit Orchard Studio,street identity system for a creative brand,mossFlame,spark,street,ROS,3,"Build a street logo system for Rainlit Orchard Studio: spark symbol, compact monogram ROS, balanced wordmark, and flexible badge usage.","logo,spark,street,mossFlame",Original free-to-use generated seed
gen-logo-098,logo,Signal Engine House,playful identity system for a creative brand,auroraInk,wave,playful,SEH,4,"Build a playful logo system for Signal Engine House: wave symbol, compact monogram SEH, balanced wordmark, and flexible badge usage.","logo,wave,playful,auroraInk",Original free-to-use generated seed
gen-logo-099,logo,Mythic Circuit Forge,future identity system for a creative brand,velvetSignal,facets,future,MCF,5,"Build a future logo system for Mythic Circuit Forge: facets symbol, compact monogram MCF, balanced wordmark, and flexible badge usage.","logo,facets,future,velvetSignal",Original free-to-use generated seed
gen-logo-100,logo,Bright Mirror Method,luxury identity system for a creative brand,monoStencil,portal,luxury,BMM,6,"Build a luxury logo system for Bright Mirror Method: portal symbol, compact monogram BMM, balanced wordmark, and flexible badge usage.","logo,portal,luxury,monoStencil",Original free-to-use generated seed
gen-logo-101,logo,Prismatic Orchard Signal,sleek identity system for a creative brand,citrusCircuit,badge,sleek,POS,7,"Build a sleek logo system for Prismatic Orchard Signal: badge symbol, compact monogram POS, balanced wordmark, and flexible badge usage.","logo,badge,sleek,citrusCircuit",Original free-to-use generated seed
gen-logo-102,logo,Velvet Engine Supply,street identity system for a creative brand,mossFlame,spark,street,VES,8,"Build a street logo system for Velvet Engine Supply: spark symbol, compact monogram VES, balanced wordmark, and flexible badge usage.","logo,spark,street,mossFlame",Original free-to-use generated seed
gen-logo-103,logo,Neon Circuit Lab,playful identity system for a creative brand,auroraInk,wave,playful,NCL,9,"Build a playful logo system for Neon Circuit Lab: wave symbol, compact monogram NCL, balanced wordmark, and flexible badge usage.","logo,wave,playful,auroraInk",Original free-to-use generated seed
gen-logo-104,logo,Quiet Mirror Works,future identity system for a creative brand,velvetSignal,facets,future,QMW,10,"Build a future logo system for Quiet Mirror Works: facets symbol, compact monogram QMW, balanced wordmark, and flexible badge usage.","logo,facets,future,velvetSignal",Original free-to-use generated seed
gen-logo-105,logo,Chrome Orchard Studio,luxury identity system for a creative brand,monoStencil,portal,luxury,COS,3,"Build a luxury logo system for Chrome Orchard Studio: portal symbol, compact monogram COS, balanced wordmark, and flexible badge usage.","logo,portal,luxury,monoStencil",Original free-to-use generated seed
gen-logo-106,logo,Solar Engine House,sleek identity system for a creative brand,citrusCircuit,badge,sleek,SEH,4,"Build a sleek logo system for Solar Engine House: badge symbol, compact monogram SEH, balanced wordmark, and flexible badge usage.","logo,badge,sleek,citrusCircuit",Original free-to-use generated seed
gen-logo-107,logo,Midnight Circuit Forge,street identity system for a creative brand,mossFlame,spark,street,MCF,5,"Build a street logo system for Midnight Circuit Forge: spark symbol, compact monogram MCF, balanced wordmark, and flexible badge usage.","logo,spark,street,mossFlame",Original free-to-use generated seed
gen-logo-108,logo,Paper Mirror Method,playful identity system for a creative brand,auroraInk,wave,playful,PMM,6,"Build a playful logo system for Paper Mirror Method: wave symbol, compact monogram PMM, balanced wordmark, and flexible badge usage.","logo,wave,playful,auroraInk",Original free-to-use generated seed
gen-logo-109,logo,Electric Orchard Signal,future identity system for a creative brand,velvetSignal,facets,future,EOS,7,"Build a future logo system for Electric Orchard Signal: facets symbol, compact monogram EOS, balanced wordmark, and flexible badge usage.","logo,facets,future,velvetSignal",Original free-to-use generated seed
gen-logo-110,logo,Lunar Engine Supply,luxury identity system for a creative brand,monoStencil,portal,luxury,LES,8,"Build a luxury logo system for Lunar Engine Supply: portal symbol, compact monogram LES, balanced wordmark, and flexible badge usage.","logo,portal,luxury,monoStencil",Original free-to-use generated seed
gen-logo-111,logo,Glass Circuit Lab,sleek identity system for a creative brand,citrusCircuit,badge,sleek,GCL,9,"Build a sleek logo system for Glass Circuit Lab: badge symbol, compact monogram GCL, balanced wordmark, and flexible badge usage.","logo,badge,sleek,citrusCircuit",Original free-to-use generated seed
gen-logo-112,logo,Wild Mirror Works,street identity system for a creative brand,mossFlame,spark,street,WMW,10,"Build a street logo system for Wild Mirror Works: spark symbol, compact monogram WMW, balanced wordmark, and flexible badge usage.","logo,spark,street,mossFlame",Original free-to-use generated seed
gen-logo-113,logo,Soft Orchard Studio,playful identity system for a creative brand,auroraInk,wave,playful,SOS,3,"Build a playful logo system for Soft Orchard Studio: wave symbol, compact monogram SOS, balanced wordmark, and flexible badge usage.","logo,wave,playful,auroraInk",Original free-to-use generated seed
gen-logo-114,logo,Static Engine House,future identity system for a creative brand,velvetSignal,facets,future,SEH,4,"Build a future logo system for Static Engine House: facets symbol, compact monogram SEH, balanced wordmark, and flexible badge usage.","logo,facets,future,velvetSignal",Original free-to-use generated seed
gen-logo-115,logo,Golden Circuit Forge,luxury identity system for a creative brand,monoStencil,portal,luxury,GCF,5,"Build a luxury logo system for Golden Circuit Forge: portal symbol, compact monogram GCF, balanced wordmark, and flexible badge usage.","logo,portal,luxury,monoStencil",Original free-to-use generated seed
gen-logo-116,logo,Ink Mirror Method,sleek identity system for a creative brand,citrusCircuit,badge,sleek,IMM,6,"Build a sleek logo system for Ink Mirror Method: badge symbol, compact monogram IMM, balanced wordmark, and flexible badge usage.","logo,badge,sleek,citrusCircuit",Original free-to-use generated seed
gen-logo-117,logo,Rainlit Orchard Signal,street identity system for a creative brand,mossFlame,spark,street,ROS,7,"Build a street logo system for Rainlit Orchard Signal: spark symbol, compact monogram ROS, balanced wordmark, and flexible badge usage.","logo,spark,street,mossFlame",Original free-to-use generated seed
gen-logo-118,logo,Signal Engine Supply,playful identity system for a creative brand,auroraInk,wave,playful,SES,8,"Build a playful logo system for Signal Engine Supply: wave symbol, compact monogram SES, balanced wordmark, and flexible badge usage.","logo,wave,playful,auroraInk",Original free-to-use generated seed
gen-logo-119,logo,Mythic Circuit Lab,future identity system for a creative brand,velvetSignal,facets,future,MCL,9,"Build a future logo system for Mythic Circuit Lab: facets symbol, compact monogram MCL, balanced wordmark, and flexible badge usage.","logo,facets,future,velvetSignal",Original free-to-use generated seed
gen-logo-120,logo,Bright Mirror Works,luxury identity system for a creative brand,monoStencil,portal,luxury,BMW,10,"Build a luxury logo system for Bright Mirror Works: portal symbol, compact monogram BMW, balanced wordmark, and flexible badge usage.","logo,portal,luxury,monoStencil",Original free-to-use generated seed
gen-logo-121,logo,Prismatic Orchard Studio,sleek identity system for a creative brand,citrusCircuit,badge,sleek,POS,3,"Build a sleek logo system for Prismatic Orchard Studio: badge symbol, compact monogram POS, balanced wordmark, and flexible badge usage.","logo,badge,sleek,citrusCircuit",Original free-to-use generated seed
gen-logo-122,logo,Velvet Engine House,street identity system for a creative brand,mossFlame,spark,street,VEH,4,"Build a street logo system for Velvet Engine House: spark symbol, compact monogram VEH, balanced wordmark, and flexible badge usage.","logo,spark,street,mossFlame",Original free-to-use generated seed
gen-logo-123,logo,Neon Circuit Forge,playful identity system for a creative brand,auroraInk,wave,playful,NCF,5,"Build a playful logo system for Neon Circuit Forge: wave symbol, compact monogram NCF, balanced wordmark, and flexible badge usage.","logo,wave,playful,auroraInk",Original free-to-use generated seed
gen-logo-124,logo,Quiet Mirror Method,future identity system for a creative brand,velvetSignal,facets,future,QMM,6,"Build a future logo system for Quiet Mirror Method: facets symbol, compact monogram QMM, balanced wordmark, and flexible badge usage.","logo,facets,future,velvetSignal",Original free-to-use generated seed
gen-logo-125,logo,Chrome Orchard Signal,luxury identity system for a creative brand,monoStencil,portal,luxury,COS,7,"Build a luxury logo system for Chrome Orchard Signal: portal symbol, compact monogram COS, balanced wordmark, and flexible badge usage.","logo,portal,luxury,monoStencil",Original free-to-use generated seed
gen-logo-126,logo,Solar Engine Supply,sleek identity system for a creative brand,citrusCircuit,badge,sleek,SES,8,"Build a sleek logo system for Solar Engine Supply: badge symbol, compact monogram SES, balanced wordmark, and flexible badge usage.","logo,badge,sleek,citrusCircuit",Original free-to-use generated seed
gen-logo-127,logo,Midnight Circuit Lab,street identity system for a creative brand,mossFlame,spark,street,MCL,9,"Build a street logo system for Midnight Circuit Lab: spark symbol, compact monogram MCL, balanced wordmark, and flexible badge usage.","logo,spark,street,mossFlame",Original free-to-use generated seed
gen-logo-128,logo,Paper Mirror Works,playful identity system for a creative brand,auroraInk,wave,playful,PMW,10,"Build a playful logo system for Paper Mirror Works: wave symbol, compact monogram PMW, balanced wordmark, and flexible badge usage.","logo,wave,playful,auroraInk",Original free-to-use generated seed
gen-logo-129,logo,Electric Orchard Studio,future identity system for a creative brand,velvetSignal,facets,future,EOS,3,"Build a future logo system for Electric Orchard Studio: facets symbol, compact monogram EOS, balanced wordmark, and flexible badge usage.","logo,facets,future,velvetSignal",Original free-to-use generated seed
gen-logo-130,logo,Lunar Engine House,luxury identity system for a creative brand,monoStencil,portal,luxury,LEH,4,"Build a luxury logo system for Lunar Engine House: portal symbol, compact monogram LEH, balanced wordmark, and flexible badge usage.","logo,portal,luxury,monoStencil",Original free-to-use generated seed
gen-logo-131,logo,Glass Circuit Forge,sleek identity system for a creative brand,citrusCircuit,badge,sleek,GCF,5,"Build a sleek logo system for Glass Circuit Forge: badge symbol, compact monogram GCF, balanced wordmark, and flexible badge usage.","logo,badge,sleek,citrusCircuit",Original free-to-use generated seed
gen-logo-132,logo,Wild Mirror Method,street identity system for a creative brand,mossFlame,spark,street,WMM,6,"Build a street logo system for Wild Mirror Method: spark symbol, compact monogram WMM, balanced wordmark, and flexible badge usage.","logo,spark,street,mossFlame",Original free-to-use generated seed
gen-logo-133,logo,Soft Orchard Signal,playful identity system for a creative brand,auroraInk,wave,playful,SOS,7,"Build a playful logo system for Soft Orchard Signal: wave symbol, compact monogram SOS, balanced wordmark, and flexible badge usage.","logo,wave,playful,auroraInk",Original free-to-use generated seed
gen-logo-134,logo,Static Engine Supply,future identity system for a creative brand,velvetSignal,facets,future,SES,8,"Build a future logo system for Static Engine Supply: facets symbol, compact monogram SES, balanced wordmark, and flexible badge usage.","logo,facets,future,velvetSignal",Original free-to-use generated seed
gen-logo-135,logo,Golden Circuit Lab,luxury identity system for a creative brand,monoStencil,portal,luxury,GCL,9,"Build a luxury logo system for Golden Circuit Lab: portal symbol, compact monogram GCL, balanced wordmark, and flexible badge usage.","logo,portal,luxury,monoStencil",Original free-to-use generated seed
gen-logo-136,logo,Ink Mirror Works,sleek identity system for a creative brand,citrusCircuit,badge,sleek,IMW,10,"Build a sleek logo system for Ink Mirror Works: badge symbol, compact monogram IMW, balanced wordmark, and flexible badge usage.","logo,badge,sleek,citrusCircuit",Original free-to-use generated seed
gen-logo-137,logo,Rainlit Orchard Studio,street identity system for a creative brand,mossFlame,spark,street,ROS,3,"Build a street logo system for Rainlit Orchard Studio: spark symbol, compact monogram ROS, balanced wordmark, and flexible badge usage.","logo,spark,street,mossFlame",Original free-to-use generated seed
gen-logo-138,logo,Signal Engine House,playful identity system for a creative brand,auroraInk,wave,playful,SEH,4,"Build a playful logo system for Signal Engine House: wave symbol, compact monogram SEH, balanced wordmark, and flexible badge usage.","logo,wave,playful,auroraInk",Original free-to-use generated seed
gen-logo-139,logo,Mythic Circuit Forge,future identity system for a creative brand,velvetSignal,facets,future,MCF,5,"Build a future logo system for Mythic Circuit Forge: facets symbol, compact monogram MCF, balanced wordmark, and flexible badge usage.","logo,facets,future,velvetSignal",Original free-to-use generated seed
gen-logo-140,logo,Bright Mirror Method,luxury identity system for a creative brand,monoStencil,portal,luxury,BMM,6,"Build a luxury logo system for Bright Mirror Method: portal symbol, compact monogram BMM, balanced wordmark, and flexible badge usage.","logo,portal,luxury,monoStencil",Original free-to-use generated seed
gen-logo-141,logo,Prismatic Orchard Signal,sleek identity system for a creative brand,citrusCircuit,badge,sleek,POS,7,"Build a sleek logo system for Prismatic Orchard Signal: badge symbol, compact monogram POS, balanced wordmark, and flexible badge usage.","logo,badge,sleek,citrusCircuit",Original free-to-use generated seed
gen-logo-142,logo,Velvet Engine Supply,street identity system for a creative brand,mossFlame,spark,street,VES,8,"Build a street logo system for Velvet Engine Supply: spark symbol, compact monogram VES, balanced wordmark, and flexible badge usage.","logo,spark,street,mossFlame",Original free-to-use generated seed
gen-logo-143,logo,Neon Circuit Lab,playful identity system for a creative brand,auroraInk,wave,playful,NCL,9,"Build a playful logo system for Neon Circuit Lab: wave symbol, compact monogram NCL, balanced wordmark, and flexible badge usage.","logo,wave,playful,auroraInk",Original free-to-use generated seed
gen-logo-144,logo,Quiet Mirror Works,future identity system for a creative brand,velvetSignal,facets,future,QMW,10,"Build a future logo system for Quiet Mirror Works: facets symbol, compact monogram QMW, balanced wordmark, and flexible badge usage.","logo,facets,future,velvetSignal",Original free-to-use generated seed
gen-logo-145,logo,Chrome Orchard Studio,luxury identity system for a creative brand,monoStencil,portal,luxury,COS,3,"Build a luxury logo system for Chrome Orchard Studio: portal symbol, compact monogram COS, balanced wordmark, and flexible badge usage.","logo,portal,luxury,monoStencil",Original free-to-use generated seed
gen-logo-146,logo,Solar Engine House,sleek identity system for a creative brand,citrusCircuit,badge,sleek,SEH,4,"Build a sleek logo system for Solar Engine House: badge symbol, compact monogram SEH, balanced wordmark, and flexible badge usage.","logo,badge,sleek,citrusCircuit",Original free-to-use generated seed
gen-logo-147,logo,Midnight Circuit Forge,street identity system for a creative brand,mossFlame,spark,street,MCF,5,"Build a street logo system for Midnight Circuit Forge: spark symbol, compact monogram MCF, balanced wordmark, and flexible badge usage.","logo,spark,street,mossFlame",Original free-to-use generated seed
gen-logo-148,logo,Paper Mirror Method,playful identity system for a creative brand,auroraInk,wave,playful,PMM,6,"Build a playful logo system for Paper Mirror Method: wave symbol, compact monogram PMM, balanced wordmark, and flexible badge usage.","logo,wave,playful,auroraInk",Original free-to-use generated seed
gen-logo-149,logo,Electric Orchard Signal,future identity system for a creative brand,velvetSignal,facets,future,EOS,7,"Build a future logo system for Electric Orchard Signal: facets symbol, compact monogram EOS, balanced wordmark, and flexible badge usage.","logo,facets,future,velvetSignal",Original free-to-use generated seed
gen-logo-150,logo,Lunar Engine Supply,luxury identity system for a creative brand,monoStencil,portal,luxury,LES,8,"Build a luxury logo system for Lunar Engine Supply: portal symbol, compact monogram LES, balanced wordmark, and flexible badge usage.","logo,portal,luxury,monoStencil",Original free-to-use generated seed
gen-logo-151,logo,Glass Circuit Lab,sleek identity system for a creative brand,citrusCircuit,badge,sleek,GCL,9,"Build a sleek logo system for Glass Circuit Lab: badge symbol, compact monogram GCL, balanced wordmark, and flexible badge usage.","logo,badge,sleek,citrusCircuit",Original free-to-use generated seed
gen-logo-152,logo,Wild Mirror Works,street identity system for a creative brand,mossFlame,spark,street,WMW,10,"Build a street logo system for Wild Mirror Works: spark symbol, compact monogram WMW, balanced wordmark, and flexible badge usage.","logo,spark,street,mossFlame",Original free-to-use generated seed
gen-logo-153,logo,Soft Orchard Studio,playful identity system for a creative brand,auroraInk,wave,playful,SOS,3,"Build a playful logo system for Soft Orchard Studio: wave symbol, compact monogram SOS, balanced wordmark, and flexible badge usage.","logo,wave,playful,auroraInk",Original free-to-use generated seed
gen-logo-154,logo,Static Engine House,future identity system for a creative brand,velvetSignal,facets,future,SEH,4,"Build a future logo system for Static Engine House: facets symbol, compact monogram SEH, balanced wordmark, and flexible badge usage.","logo,facets,future,velvetSignal",Original free-to-use generated seed
gen-logo-155,logo,Golden Circuit Forge,luxury identity system for a creative brand,monoStencil,portal,luxury,GCF,5,"Build a luxury logo system for Golden Circuit Forge: portal symbol, compact monogram GCF, balanced wordmark, and flexible badge usage.","logo,portal,luxury,monoStencil",Original free-to-use generated seed
gen-logo-156,logo,Ink Mirror Method,sleek identity system for a creative brand,citrusCircuit,badge,sleek,IMM,6,"Build a sleek logo system for Ink Mirror Method: badge symbol, compact monogram IMM, balanced wordmark, and flexible badge usage.","logo,badge,sleek,citrusCircuit",Original free-to-use generated seed
gen-logo-157,logo,Rainlit Orchard Signal,street identity system for a creative brand,mossFlame,spark,street,ROS,7,"Build a street logo system for Rainlit Orchard Signal: spark symbol, compact monogram ROS, balanced wordmark, and flexible badge usage.","logo,spark,street,mossFlame",Original free-to-use generated seed
gen-logo-158,logo,Signal Engine Supply,playful identity system for a creative brand,auroraInk,wave,playful,SES,8,"Build a playful logo system for Signal Engine Supply: wave symbol, compact monogram SES, balanced wordmark, and flexible badge usage.","logo,wave,playful,auroraInk",Original free-to-use generated seed
gen-logo-159,logo,Mythic Circuit Lab,future identity system for a creative brand,velvetSignal,facets,future,MCL,9,"Build a future logo system for Mythic Circuit Lab: facets symbol, compact monogram MCL, balanced wordmark, and flexible badge usage.","logo,facets,future,velvetSignal",Original free-to-use generated seed
gen-logo-160,logo,Bright Mirror Works,luxury identity system for a creative brand,monoStencil,portal,luxury,BMW,10,"Build a luxury logo system for Bright Mirror Works: portal symbol, compact monogram BMW, balanced wordmark, and flexible badge usage.","logo,portal,luxury,monoStencil",Original free-to-use generated seed
gen-logo-161,logo,Prismatic Orchard Studio,sleek identity system for a creative brand,citrusCircuit,badge,sleek,POS,3,"Build a sleek logo system for Prismatic Orchard Studio: badge symbol, compact monogram POS, balanced wordmark, and flexible badge usage.","logo,badge,sleek,citrusCircuit",Original free-to-use generated seed
gen-logo-162,logo,Velvet Engine House,street identity system for a creative brand,mossFlame,spark,street,VEH,4,"Build a street logo system for Velvet Engine House: spark symbol, compact monogram VEH, balanced wordmark, and flexible badge usage.","logo,spark,street,mossFlame",Original free-to-use generated seed
gen-logo-163,logo,Neon Circuit Forge,playful identity system for a creative brand,auroraInk,wave,playful,NCF,5,"Build a playful logo system for Neon Circuit Forge: wave symbol, compact monogram NCF, balanced wordmark, and flexible badge usage.","logo,wave,playful,auroraInk",Original free-to-use generated seed
gen-logo-164,logo,Quiet Mirror Method,future identity system for a creative brand,velvetSignal,facets,future,QMM,6,"Build a future logo system for Quiet Mirror Method: facets symbol, compact monogram QMM, balanced wordmark, and flexible badge usage.","logo,facets,future,velvetSignal",Original free-to-use generated seed
gen-logo-165,logo,Chrome Orchard Signal,luxury identity system for a creative brand,monoStencil,portal,luxury,COS,7,"Build a luxury logo system for Chrome Orchard Signal: portal symbol, compact monogram COS, balanced wordmark, and flexible badge usage.","logo,portal,luxury,monoStencil",Original free-to-use generated seed
gen-logo-166,logo,Solar Engine Supply,sleek identity system for a creative brand,citrusCircuit,badge,sleek,SES,8,"Build a sleek logo system for Solar Engine Supply: badge symbol, compact monogram SES, balanced wordmark, and flexible badge usage.","logo,badge,sleek,citrusCircuit",Original free-to-use generated seed
gen-logo-167,logo,Midnight Circuit Lab,street identity system for a creative brand,mossFlame,spark,street,MCL,9,"Build a street logo system for Midnight Circuit Lab: spark symbol, compact monogram MCL, balanced wordmark, and flexible badge usage.","logo,spark,street,mossFlame",Original free-to-use generated seed
gen-logo-168,logo,Paper Mirror Works,playful identity system for a creative brand,auroraInk,wave,playful,PMW,10,"Build a playful logo system for Paper Mirror Works: wave symbol, compact monogram PMW, balanced wordmark, and flexible badge usage.","logo,wave,playful,auroraInk",Original free-to-use generated seed
gen-logo-169,logo,Electric Orchard Studio,future identity system for a creative brand,velvetSignal,facets,future,EOS,3,"Build a future logo system for Electric Orchard Studio: facets symbol, compact monogram EOS, balanced wordmark, and flexible badge usage.","logo,facets,future,velvetSignal",Original free-to-use generated seed
gen-logo-170,logo,Lunar Engine House,luxury identity system for a creative brand,monoStencil,portal,luxury,LEH,4,"Build a luxury logo system for Lunar Engine House: portal symbol, compact monogram LEH, balanced wordmark, and flexible badge usage.","logo,portal,luxury,monoStencil",Original free-to-use generated seed
gen-logo-171,logo,Glass Circuit Forge,sleek identity system for a creative brand,citrusCircuit,badge,sleek,GCF,5,"Build a sleek logo system for Glass Circuit Forge: badge symbol, compact monogram GCF, balanced wordmark, and flexible badge usage.","logo,badge,sleek,citrusCircuit",Original free-to-use generated seed
gen-logo-172,logo,Wild Mirror Method,street identity system for a creative brand,mossFlame,spark,street,WMM,6,"Build a street logo system for Wild Mirror Method: spark symbol, compact monogram WMM, balanced wordmark, and flexible badge usage.","logo,spark,street,mossFlame",Original free-to-use generated seed
gen-logo-173,logo,Soft Orchard Signal,playful identity system for a creative brand,auroraInk,wave,playful,SOS,7,"Build a playful logo system for Soft Orchard Signal: wave symbol, compact monogram SOS, balanced wordmark, and flexible badge usage.","logo,wave,playful,auroraInk",Original free-to-use generated seed
gen-logo-174,logo,Static Engine Supply,future identity system for a creative brand,velvetSignal,facets,future,SES,8,"Build a future logo system for Static Engine Supply: facets symbol, compact monogram SES, balanced wordmark, and flexible badge usage.","logo,facets,future,velvetSignal",Original free-to-use generated seed
gen-logo-175,logo,Golden Circuit Lab,luxury identity system for a creative brand,monoStencil,portal,luxury,GCL,9,"Build a luxury logo system for Golden Circuit Lab: portal symbol, compact monogram GCL, balanced wordmark, and flexible badge usage.","logo,portal,luxury,monoStencil",Original free-to-use generated seed
gen-logo-176,logo,Ink Mirror Works,sleek identity system for a creative brand,citrusCircuit,badge,sleek,IMW,10,"Build a sleek logo system for Ink Mirror Works: badge symbol, compact monogram IMW, balanced wordmark, and flexible badge usage.","logo,badge,sleek,citrusCircuit",Original free-to-use generated seed
gen-logo-177,logo,Rainlit Orchard Studio,street identity system for a creative brand,mossFlame,spark,street,ROS,3,"Build a street logo system for Rainlit Orchard Studio: spark symbol, compact monogram ROS, balanced wordmark, and flexible badge usage.","logo,spark,street,mossFlame",Original free-to-use generated seed
gen-logo-178,logo,Signal Engine House,playful identity system for a creative brand,auroraInk,wave,playful,SEH,4,"Build a playful logo system for Signal Engine House: wave symbol, compact monogram SEH, balanced wordmark, and flexible badge usage.","logo,wave,playful,auroraInk",Original free-to-use generated seed
gen-logo-179,logo,Mythic Circuit Forge,future identity system for a creative brand,velvetSignal,facets,future,MCF,5,"Build a future logo system for Mythic Circuit Forge: facets symbol, compact monogram MCF, balanced wordmark, and flexible badge usage.","logo,facets,future,velvetSignal",Original free-to-use generated seed
gen-logo-180,logo,Bright Mirror Method,luxury identity system for a creative brand,monoStencil,portal,luxury,BMM,6,"Build a luxury logo system for Bright Mirror Method: portal symbol, compact monogram BMM, balanced wordmark, and flexible badge usage.","logo,portal,luxury,monoStencil",Original free-to-use generated seed
gen-logo-181,logo,Prismatic Orchard Signal,sleek identity system for a creative brand,citrusCircuit,badge,sleek,POS,7,"Build a sleek logo system for Prismatic Orchard Signal: badge symbol, compact monogram POS, balanced wordmark, and flexible badge usage.","logo,badge,sleek,citrusCircuit",Original free-to-use generated seed
gen-logo-182,logo,Velvet Engine Supply,street identity system for a creative brand,mossFlame,spark,street,VES,8,"Build a street logo system for Velvet Engine Supply: spark symbol, compact monogram VES, balanced wordmark, and flexible badge usage.","logo,spark,street,mossFlame",Original free-to-use generated seed
gen-logo-183,logo,Neon Circuit Lab,playful identity system for a creative brand,auroraInk,wave,playful,NCL,9,"Build a playful logo system for Neon Circuit Lab: wave symbol, compact monogram NCL, balanced wordmark, and flexible badge usage.","logo,wave,playful,auroraInk",Original free-to-use generated seed
gen-logo-184,logo,Quiet Mirror Works,future identity system for a creative brand,velvetSignal,facets,future,QMW,10,"Build a future logo system for Quiet Mirror Works: facets symbol, compact monogram QMW, balanced wordmark, and flexible badge usage.","logo,facets,future,velvetSignal",Original free-to-use generated seed
gen-logo-185,logo,Chrome Orchard Studio,luxury identity system for a creative brand,monoStencil,portal,luxury,COS,3,"Build a luxury logo system for Chrome Orchard Studio: portal symbol, compact monogram COS, balanced wordmark, and flexible badge usage.","logo,portal,luxury,monoStencil",Original free-to-use generated seed
gen-logo-186,logo,Solar Engine House,sleek identity system for a creative brand,citrusCircuit,badge,sleek,SEH,4,"Build a sleek logo system for Solar Engine House: badge symbol, compact monogram SEH, balanced wordmark, and flexible badge usage.","logo,badge,sleek,citrusCircuit",Original free-to-use generated seed
gen-logo-187,logo,Midnight Circuit Forge,street identity system for a creative brand,mossFlame,spark,street,MCF,5,"Build a street logo system for Midnight Circuit Forge: spark symbol, compact monogram MCF, balanced wordmark, and flexible badge usage.","logo,spark,street,mossFlame",Original free-to-use generated seed
gen-logo-188,logo,Paper Mirror Method,playful identity system for a creative brand,auroraInk,wave,playful,PMM,6,"Build a playful logo system for Paper Mirror Method: wave symbol, compact monogram PMM, balanced wordmark, and flexible badge usage.","logo,wave,playful,auroraInk",Original free-to-use generated seed
gen-logo-189,logo,Electric Orchard Signal,future identity system for a creative brand,velvetSignal,facets,future,EOS,7,"Build a future logo system for Electric Orchard Signal: facets symbol, compact monogram EOS, balanced wordmark, and flexible badge usage.","logo,facets,future,velvetSignal",Original free-to-use generated seed
gen-logo-190,logo,Lunar Engine Supply,luxury identity system for a creative brand,monoStencil,portal,luxury,LES,8,"Build a luxury logo system for Lunar Engine Supply: portal symbol, compact monogram LES, balanced wordmark, and flexible badge usage.","logo,portal,luxury,monoStencil",Original free-to-use generated seed
gen-logo-191,logo,Glass Circuit Lab,sleek identity system for a creative brand,citrusCircuit,badge,sleek,GCL,9,"Build a sleek logo system for Glass Circuit Lab: badge symbol, compact monogram GCL, balanced wordmark, and flexible badge usage.","logo,badge,sleek,citrusCircuit",Original free-to-use generated seed
gen-logo-192,logo,Wild Mirror Works,street identity system for a creative brand,mossFlame,spark,street,WMW,10,"Build a street logo system for Wild Mirror Works: spark symbol, compact monogram WMW, balanced wordmark, and flexible badge usage.","logo,spark,street,mossFlame",Original free-to-use generated seed
gen-logo-193,logo,Soft Orchard Studio,playful identity system for a creative brand,auroraInk,wave,playful,SOS,3,"Build a playful logo system for Soft Orchard Studio: wave symbol, compact monogram SOS, balanced wordmark, and flexible badge usage.","logo,wave,playful,auroraInk",Original free-to-use generated seed
gen-logo-194,logo,Static Engine House,future identity system for a creative brand,velvetSignal,facets,future,SEH,4,"Build a future logo system for Static Engine House: facets symbol, compact monogram SEH, balanced wordmark, and flexible badge usage.","logo,facets,future,velvetSignal",Original free-to-use generated seed
gen-logo-195,logo,Golden Circuit Forge,luxury identity system for a creative brand,monoStencil,portal,luxury,GCF,5,"Build a luxury logo system for Golden Circuit Forge: portal symbol, compact monogram GCF, balanced wordmark, and flexible badge usage.","logo,portal,luxury,monoStencil",Original free-to-use generated seed
gen-logo-196,logo,Ink Mirror Method,sleek identity system for a creative brand,citrusCircuit,badge,sleek,IMM,6,"Build a sleek logo system for Ink Mirror Method: badge symbol, compact monogram IMM, balanced wordmark, and flexible badge usage.","logo,badge,sleek,citrusCircuit",Original free-to-use generated seed
gen-logo-197,logo,Rainlit Orchard Signal,street identity system for a creative brand,mossFlame,spark,street,ROS,7,"Build a street logo system for Rainlit Orchard Signal: spark symbol, compact monogram ROS, balanced wordmark, and flexible badge usage.","logo,spark,street,mossFlame",Original free-to-use generated seed
gen-logo-198,logo,Signal Engine Supply,playful identity system for a creative brand,auroraInk,wave,playful,SES,8,"Build a playful logo system for Signal Engine Supply: wave symbol, compact monogram SES, balanced wordmark, and flexible badge usage.","logo,wave,playful,auroraInk",Original free-to-use generated seed
gen-logo-199,logo,Mythic Circuit Lab,future identity system for a creative brand,velvetSignal,facets,future,MCL,9,"Build a future logo system for Mythic Circuit Lab: facets symbol, compact monogram MCL, balanced wordmark, and flexible badge usage.","logo,facets,future,velvetSignal",Original free-to-use generated seed
gen-logo-200,logo,Bright Mirror Works,luxury identity system for a creative brand,monoStencil,portal,luxury,BMW,10,"Build a luxury logo system for Bright Mirror Works: portal symbol, compact monogram BMW, balanced wordmark, and flexible badge usage.","logo,portal,luxury,monoStencil",Original free-to-use generated seed
